{
  "name": "swiper",
  "repo": "https://github.com/nolimits4web/Swiper.git",
  "description": "Most modern mobile touch slider and framework with hardware accelerated transitions",
  "version": "4.0.6",
  "keywords": ["swiper", "swipe", "slider", "touch", "ios", "mobile", "cordova", "phonegap", "app", "framework", "carousel", "gallery"],
  "dependencies": {
  },
  "scripts": [
    "dist/js/swiper.js"
  ],
  "main": "dist/js/swiper.js",
  "styles": [
    "dist/css/swiper.css"
  ],
  "license": ["MIT"]
}
